,002680
2008-06-16,1865
2008-06-17,1840
2008-06-18,1870
2008-06-19,1850
2008-06-20,1860
2008-06-23,1855
2008-06-24,1835
2008-06-25,1815
2008-06-26,1820
2008-06-27,1790
2008-06-30,1805
2008-07-01,1775
2008-07-02,1720
2008-07-03,1700
2008-07-04,1660
2008-07-07,1640
2008-07-08,1630
2008-07-09,1585
2008-07-10,1600
2008-07-11,1635
2008-07-14,1600
2008-07-15,1585
2008-07-16,1570
2008-07-17,1590
2008-07-18,1610
2008-07-21,1650
2008-07-22,1635
2008-07-23,1680
2008-07-24,1680
2008-07-25,1650
2008-07-28,1690
2008-07-29,1650
2008-07-30,1660
2008-07-31,1640
2008-08-01,1605
2008-08-04,1555
2008-08-05,1570
2008-08-06,1595
2008-08-07,1590
2008-08-08,1580
2008-08-11,1625
2008-08-12,1650
2008-08-13,1670
2008-08-14,1685
2008-08-18,1590
2008-08-19,1565
2008-08-20,1565
2008-08-21,1535
2008-08-22,1470
2008-08-25,1455
2008-08-26,1465
2008-08-27,1480
2008-08-28,1415
2008-08-29,1355
2008-09-01,1235
2008-09-02,1160
2008-09-03,1180
2008-09-04,1230
2008-09-05,1245
2008-09-08,1300
2008-09-09,1335
2008-09-10,1340
2008-09-11,1335
2008-09-12,1380
2008-09-16,1260
2008-09-17,1330
2008-09-18,1245
2008-09-19,1300
2008-09-22,1290
2008-09-23,1340
2008-09-24,1330
2008-09-25,1320
2008-09-26,1430
2008-09-29,1290
2008-09-30,1250
2008-10-01,1250
2008-10-02,1280
2008-10-06,1235
2008-10-07,1155
2008-10-08,1030
2008-10-09,1030
2008-10-10,980
2008-10-13,1010
2008-10-14,1110
2008-10-15,1050
2008-10-16,935
2008-10-17,880
2008-10-20,895
2008-10-21,905
2008-10-22,835
2008-10-23,710
2008-10-24,635
2008-10-27,565
2008-10-28,640
2008-10-29,645
2008-10-30,740
2008-10-31,850
2008-11-03,975
2008-11-04,1050
2008-11-05,995
2008-11-06,905
2008-11-07,955
2008-11-10,935
2008-11-11,945
2008-11-12,930
2008-11-13,900
2008-11-14,920
2008-11-17,920
2008-11-18,900
2008-11-19,870
2008-11-20,780
2008-11-21,815
2008-11-24,780
2008-11-25,775
2008-11-26,780
2008-11-27,805
2008-11-28,810
2008-12-01,830
2008-12-02,790
2008-12-03,800
2008-12-04,800
2008-12-05,810
2008-12-08,840
2008-12-09,850
2008-12-10,965
2008-12-11,945
2008-12-12,965
2008-12-15,1040
2008-12-16,1060
2008-12-17,1050
2008-12-18,1020
2008-12-19,1010
2008-12-22,1000
2008-12-23,985
2008-12-24,995
2008-12-26,990
2008-12-29,995
2008-12-30,1015
2009-01-02,1035
2009-01-05,1025
2009-01-06,1175
2009-01-07,1185
2009-01-08,1170
2009-01-09,1200
2009-01-12,1200
2009-01-13,1205
2009-01-14,1220
2009-01-15,1105
2009-01-16,1145
2009-01-19,1150
2009-01-20,1130
2009-01-21,1065
2009-01-22,1040
2009-01-23,1035
2009-01-28,1045
2009-01-29,1200
2009-01-30,1210
2009-02-02,1170
2009-02-03,1170
2009-02-04,1205
2009-02-05,1180
2009-02-06,1195
2009-02-09,1200
2009-02-10,1190
2009-02-11,1265
2009-02-12,1240
2009-02-13,1245
2009-02-16,1255
2009-02-17,1165
2009-02-18,1150
2009-02-19,1155
2009-02-20,1095
2009-02-23,1085
2009-02-24,1030
2009-02-25,1025
2009-02-26,1035
2009-02-27,1035
2009-03-02,1015
2009-03-03,980
2009-03-04,995
2009-03-05,1000
2009-03-06,1000
2009-03-09,995
2009-03-10,1010
2009-03-11,1010
2009-03-12,1015
2009-03-13,1015
2009-03-16,1030
2009-03-17,1060
2009-03-18,1090
2009-03-19,1090
2009-03-20,1090
2009-03-23,1105
2009-03-24,1125
2009-03-25,1130
2009-03-26,1150
2009-03-27,1135
2009-03-30,1110
2009-03-31,1125
2009-04-01,1135
2009-04-02,1200
2009-04-03,1175
2009-04-06,1200
2009-04-07,1210
2009-04-08,1250
2009-04-09,1325
2009-04-10,1285
2009-04-13,1320
2009-04-14,1295
2009-04-15,1230
2009-04-16,1270
2009-04-17,1260
2009-04-20,1270
2009-04-21,1270
2009-04-22,1260
2009-04-23,1445
2009-04-24,1470
2009-04-27,1530
2009-04-28,1365
2009-04-29,1505
2009-04-30,1480
2009-05-04,1450
2009-05-06,1445
2009-05-07,1470
2009-05-08,1460
2009-05-11,1570
2009-05-12,1560
2009-05-13,1550
2009-05-14,1575
2009-05-15,1595
2009-05-18,1530
2009-05-19,1560
2009-05-20,1515
2009-05-21,1480
2009-05-22,1440
2009-05-25,1370
2009-05-26,1380
2009-05-27,1395
2009-05-28,1330
2009-05-29,1345
2009-06-01,1390
2009-06-02,1380
2009-06-03,1390
2009-06-04,1365
2009-06-05,1375
2009-06-08,1370
2009-06-09,1340
2009-06-10,1370
2009-06-11,1390
2009-06-12,1400
2009-06-15,1390
2009-06-16,1390
2009-06-17,1400
2009-06-18,1405
2009-06-19,1420
2009-06-22,1445
2009-06-23,1360
2009-06-24,1350
2009-06-25,1390
2009-06-26,1410
2009-06-29,1380
2009-06-30,1345
2009-07-01,1380
2009-07-02,1385
2009-07-03,1400
2009-07-06,1440
2009-07-07,1510
2009-07-08,1500
2009-07-09,1465
2009-07-10,1520
2009-07-13,1415
2009-07-14,1400
2009-07-15,1400
2009-07-16,1400
2009-07-17,1460
2009-07-20,1440
2009-07-21,1395
2009-07-22,1370
2009-07-23,1410
2009-07-24,1405
2009-07-27,1400
2009-07-28,1440
2009-07-29,1420
2009-07-30,1425
2009-07-31,1415
2009-08-03,1420
2009-08-04,1440
2009-08-05,1450
2009-08-06,1430
2009-08-07,1420
2009-08-10,1425
2009-08-11,1460
2009-08-12,1500
2009-08-13,1580
2009-08-14,1565
2009-08-17,1490
2009-08-18,1500
2009-08-19,1565
2009-08-20,1645
2009-08-21,1720
2009-08-24,1760
2009-08-25,1845
2009-08-26,1755
2009-08-27,1710
2009-08-28,1840
2009-08-31,1795
2009-09-01,1695
2009-09-02,1600
2009-09-03,1535
2009-09-04,1550
2009-09-07,1560
2009-09-08,1580
2009-09-09,1615
2009-09-10,1585
2009-09-11,1530
2009-09-14,1580
2009-09-15,1610
2009-09-16,1580
2009-09-17,1545
2009-09-18,1570
2009-09-21,1580
2009-09-22,1650
2009-09-23,1670
2009-09-24,1670
2009-09-25,1705
2009-09-28,1670
2009-09-29,1640
2009-09-30,1575
2009-10-01,1550
2009-10-05,1560
2009-10-06,1580
2009-10-07,1670
2009-10-08,1670
2009-10-09,1680
2009-10-12,1730
2009-10-13,1760
2009-10-14,1680
2009-10-15,1665
2009-10-16,1745
2009-10-19,1860
2009-10-20,1815
2009-10-21,1750
2009-10-22,1700
2009-10-23,1750
2009-10-26,1830
2009-10-27,1730
2009-10-28,1680
2009-10-29,1575
2009-10-30,1635
2009-11-02,1605
2009-11-03,1620
2009-11-04,1640
2009-11-05,1605
2009-11-06,1625
2009-11-09,1635
2009-11-10,1645
2009-11-11,1640
2009-11-12,1695
2009-11-13,1730
2009-11-16,1735
2009-11-17,1650
2009-11-18,1630
2009-11-19,1650
2009-11-20,1640
2009-11-23,1630
2009-11-24,1630
2009-11-25,1645
2009-11-26,1715
2009-11-27,1640
2009-11-30,1655
2009-12-01,1670
2009-12-02,1690
2009-12-03,1715
2009-12-04,1710
2009-12-07,1780
2009-12-08,1765
2009-12-09,1750
2009-12-10,1795
2009-12-11,1750
2009-12-14,1770
2009-12-15,1860
2009-12-16,1780
2009-12-17,1650
2009-12-18,1630
2009-12-21,1640
2009-12-22,1650
2009-12-23,1640
2009-12-24,1650
2009-12-28,1645
2009-12-29,1535
2009-12-30,1525
2010-01-04,1555
2010-01-05,1585
2010-01-06,1585
2010-01-07,1550
2010-01-08,1530
2010-01-11,1545
2010-01-12,1525
2010-01-13,1495
2010-01-14,1495
2010-01-15,1520
2010-01-18,1540
2010-01-19,1520
2010-01-20,1510
2010-01-21,1500
2010-01-22,1465
2010-01-25,1405
2010-01-26,1380
2010-01-27,1390
2010-01-28,1375
2010-01-29,1375
2010-02-01,1380
2010-02-02,1425
2010-02-03,1430
2010-02-04,1390
2010-02-05,1340
2010-02-08,1250
2010-02-09,1230
2010-02-10,1250
2010-02-11,1320
2010-02-12,1330
2010-02-16,1345
2010-02-17,1340
2010-02-18,1350
2010-02-19,1310
2010-02-22,1320
2010-02-23,1325
2010-02-24,1305
2010-02-25,1355
2010-02-26,1380
2010-03-02,1410
2010-03-03,1400
2010-03-04,1360
2010-03-05,1380
2010-03-08,1400
2010-03-09,1400
2010-03-10,1405
2010-03-11,1385
2010-03-12,1450
2010-03-15,1425
2010-03-16,1450
2010-03-17,1450
2010-03-18,1435
2010-03-19,1425
2010-03-22,1435
2010-03-23,1450
2010-03-24,1440
2010-03-25,1435
2010-03-26,1455
2010-03-29,1465
2010-03-30,1475
2010-03-31,1470
2010-04-01,1500
2010-04-02,1510
2010-04-05,1490
2010-04-06,1485
2010-04-07,1505
2010-04-08,1590
2010-04-09,1620
2010-04-12,1615
2010-04-13,1570
2010-04-14,1605
2010-04-15,1620
2010-04-16,1635
2010-04-19,1630
2010-04-20,1655
2010-04-21,1720
2010-04-22,1700
2010-04-23,1675
2010-04-26,1640
2010-04-27,1635
2010-04-28,1635
2010-04-29,1635
2010-04-30,1610
2010-05-03,1565
2010-05-04,1610
2010-05-06,1580
2010-05-07,1545
2010-05-10,1585
2010-05-11,1565
2010-05-12,1550
2010-05-13,1595
2010-05-14,1620
2010-05-17,1560
2010-05-18,1575
2010-05-19,1555
2010-05-20,1440
2010-05-24,1430
2010-05-25,1315
2010-05-26,1340
2010-05-27,1390
2010-05-28,1390
2010-05-31,1400
2010-06-01,1410
2010-06-03,1455
2010-06-04,1440
2010-06-07,1385
2010-06-08,1385
2010-06-09,1380
2010-06-10,1405
2010-06-11,1405
2010-06-14,1415
2010-06-15,1435
2010-06-16,1450
2010-06-17,1405
2010-06-18,1420
2010-06-21,1440
2010-06-22,1420
2010-06-23,1415
2010-06-24,1440
2010-06-25,1425
2010-06-28,1420
2010-06-29,1415
2010-06-30,1395
2010-07-01,1395
2010-07-02,1395
2010-07-05,1385
2010-07-06,1390
2010-07-07,1400
2010-07-08,1410
2010-07-09,1400
2010-07-12,1415
2010-07-13,1430
2010-07-14,1470
2010-07-15,1500
2010-07-16,1475
2010-07-19,1455
2010-07-20,1495
2010-07-21,1535
2010-07-22,1475
2010-07-23,1475
2010-07-26,1505
2010-07-27,1480
2010-07-28,1490
2010-07-29,1465
2010-07-30,1460
2010-08-02,1475
2010-08-03,1480
2010-08-04,1490
2010-08-05,1555
2010-08-06,1710
2010-08-09,1610
2010-08-10,1850
2010-08-11,2125
2010-08-12,2440
2010-08-13,2500
2010-08-16,2460
2010-08-17,2230
2010-08-18,2285
2010-08-19,2075
2010-08-20,2155
2010-08-23,1990
2010-08-24,2285
2010-08-25,2430
2010-08-26,2230
2010-08-27,2140
2010-08-30,2235
2010-08-31,2270
2010-09-01,2435
2010-09-02,2375
2010-09-03,2550
2010-09-06,2680
2010-09-07,3080
2010-09-08,3205
2010-09-09,3285
2010-09-10,2795
2010-09-13,2835
2010-09-14,2655
2010-09-15,2620
2010-09-16,2600
2010-09-17,2990
2010-09-20,2740
2010-09-24,2705
2010-09-27,2870
2010-09-28,2955
2010-09-29,2750
2010-09-30,2660
2010-10-01,2685
2010-10-04,2760
2010-10-05,2665
2010-10-06,2640
2010-10-07,2500
2010-10-08,2525
2010-10-11,2900
2010-10-12,3210
2010-10-13,3340
2010-10-14,3200
2010-10-15,3250
2010-10-18,3735
2010-10-19,3475
2010-10-20,3525
2010-10-21,3720
2010-10-22,3320
2010-10-25,3295
2010-10-26,3315
2010-10-27,3330
2010-10-28,3270
2010-10-29,3110
2010-11-01,3090
2010-11-02,2940
2010-11-03,3055
2010-11-04,3010
2010-11-05,3005
2010-11-08,3020
2010-11-09,2905
2010-11-10,2900
2010-11-11,2895
2010-11-12,2640
2010-11-15,2540
2010-11-16,2500
2010-11-17,2430
2010-11-18,2580
2010-11-19,2685
2010-11-22,2590
2010-11-23,2485
2010-11-24,2430
2010-11-25,2500
2010-11-26,2380
2010-11-29,2315
2010-11-30,2320
2010-12-01,2575
2010-12-02,2465
2010-12-03,2600
2010-12-06,2660
2010-12-07,2630
2010-12-08,2540
2010-12-09,2505
2010-12-10,2580
2010-12-13,2630
2010-12-14,2535
2010-12-15,2530
2010-12-16,2535
2010-12-17,2615
2010-12-20,2480
2010-12-21,2600
2010-12-22,2585
2010-12-23,2570
2010-12-24,2520
2010-12-27,2425
2010-12-28,2390
2010-12-29,2455
2010-12-30,2455
2011-01-03,2500
2011-01-04,2875
2011-01-05,2910
2011-01-06,2990
2011-01-07,3100
2011-01-10,3100
2011-01-11,2985
2011-01-12,2925
2011-01-13,3050
2011-01-14,3020
2011-01-17,2850
2011-01-18,2910
2011-01-19,2840
2011-01-20,2995
2011-01-21,2910
2011-01-24,3095
2011-01-25,2940
2011-01-26,3130
2011-01-27,3390
2011-01-28,3350
2011-01-31,3105
2011-02-01,3220
2011-02-07,3435
2011-02-08,3160
2011-02-09,3130
2011-02-10,3210
2011-02-11,3460
2011-02-14,3630
2011-02-15,4170
2011-02-16,3840
2011-02-17,3480
2011-02-18,3625
2011-02-21,4000
2011-02-22,4600
2011-02-23,4890
2011-02-24,4160
2011-02-25,4100
2011-02-28,4480
2011-03-02,4305
2011-03-03,4185
2011-03-04,4255
2011-03-07,4500
2011-03-08,4200
2011-03-09,4010
2011-03-10,4240
2011-03-11,4005
2011-03-14,3750
2011-03-15,3830
2011-03-16,3700
2011-03-17,3600
2011-03-18,3810
2011-03-21,3930
2011-03-22,4260
2011-03-23,4175
2011-03-24,4200
2011-03-25,4310
2011-03-28,4215
2011-03-29,4070
2011-03-30,4090
2011-03-31,4070
2011-04-01,4235
2011-04-04,4245
2011-04-05,4230
2011-04-06,4180
2011-04-07,4100
2011-04-08,4115
2011-04-11,3925
2011-04-12,3825
2011-04-13,3875
2011-04-14,3705
2011-04-15,3740
2011-04-18,3800
2011-04-19,3670
2011-04-20,3600
2011-04-21,3470
2011-04-22,3355
2011-04-25,3355
2011-04-26,3275
2011-04-27,3635
2011-04-28,3310
2011-04-29,3320
2011-05-02,3355
2011-05-03,3310
2011-05-04,3440
2011-05-06,3475
2011-05-09,3310
2011-05-11,3285
2011-05-12,3145
2011-05-13,2965
2011-05-16,3075
2011-05-17,2940
2011-05-18,2880
2011-05-19,2780
2011-05-20,2800
2011-05-23,2600
2011-05-24,2780
2011-05-25,2750
2011-05-26,2770
2011-05-27,2905
2011-05-30,2635
2011-05-31,2700
2011-06-01,2775
2011-06-02,2745
2011-06-03,2670
2011-06-07,2595
2011-06-08,2680
2011-06-09,2670
2011-06-10,2620
2011-06-13,2670
2011-06-14,2740
2011-06-15,2815
2011-06-16,2820
2011-06-17,2775
2011-06-20,2900
2011-06-21,2920
2011-06-22,2880
2011-06-23,2820
2011-06-24,2855
2011-06-27,2860
2011-06-28,2840
2011-06-29,2840
2011-06-30,2810
2011-07-01,2770
2011-07-04,2855
2011-07-05,2845
2011-07-06,3040
2011-07-07,3040
2011-07-08,3125
2011-07-11,3095
2011-07-12,3040
2011-07-13,3190
2011-07-14,3160
2011-07-15,3140
2011-07-18,3300
2011-07-19,3395
2011-07-20,3310
2011-07-21,3495
2011-07-22,3430
2011-07-25,3335
2011-07-26,3370
2011-07-27,3495
2011-07-28,3450
2011-07-29,3265
2011-08-01,3370
2011-08-02,3570
2011-08-03,3425
2011-08-04,3365
2011-08-05,2870
2011-08-08,2460
2011-08-09,2195
2011-08-10,2400
2011-08-11,2500
2011-08-12,2615
2011-08-16,2770
2011-08-17,2825
2011-08-18,2810
2011-08-19,2575
2011-08-22,2645
2011-08-23,2750
2011-08-24,2685
2011-08-25,2670
2011-08-26,2775
2011-08-29,3190
2011-08-30,3290
2011-08-31,3280
2011-09-01,3135
2011-09-02,3175
2011-09-05,3025
2011-09-06,2945
2011-09-07,3325
2011-09-08,3250
2011-09-09,3320
2011-09-14,2905
2011-09-15,2900
2011-09-16,2955
2011-09-19,2910
2011-09-20,2825
2011-09-21,2855
2011-09-22,2800
2011-09-23,2595
2011-09-26,2210
2011-09-27,2380
2011-09-28,2280
2011-09-29,2400
2011-09-30,2440
2011-10-04,2340
2011-10-05,2265
2011-10-06,2395
2011-10-07,2480
2011-10-10,2505
2011-10-11,2500
2011-10-12,2770
2011-10-13,2660
2011-10-14,2640
2011-10-17,2705
2011-10-18,2650
2011-10-19,2700
2011-10-20,2630
2011-10-21,2640
2011-10-24,2770
2011-10-25,2715
2011-10-26,2740
2011-10-27,2785
2011-10-28,2770
2011-10-31,2935
2011-11-01,2855
2011-11-02,2885
2011-11-03,2800
2011-11-04,2860
2011-11-07,2835
2011-11-08,2820
2011-11-09,2980
2011-11-10,2950
2011-11-11,2975
2011-11-14,2955
2011-11-15,2880
2011-11-16,2760
2011-11-17,2785
2011-11-18,2700
2011-11-21,2675
2011-11-22,2775
2011-11-23,2645
2011-11-24,2700
2011-11-25,2600
2011-11-28,2620
2011-11-29,2630
2011-11-30,2600
2011-12-01,2630
2011-12-02,2610
2011-12-05,2630
2011-12-06,2585
2011-12-07,2640
2011-12-08,2605
2011-12-09,2570
2011-12-12,2690
2011-12-13,2730
2011-12-14,2840
2011-12-15,2735
2011-12-16,2850
2011-12-19,3275
2011-12-20,3480
2011-12-21,3630
2011-12-22,3910
2011-12-23,3910
2011-12-26,3725
2011-12-27,3700
2011-12-28,3685
2011-12-29,3700
2012-01-02,3805
2012-01-03,3985
2012-01-04,3910
2012-01-05,3775
2012-01-06,3960
2012-01-09,3420
2012-01-10,3520
2012-01-11,3250
2012-01-12,3350
2012-01-13,3600
2012-01-16,4140
2012-01-17,4760
2012-01-18,4500
2012-01-19,4870
2012-01-20,4325
2012-01-25,4365
2012-01-26,4420
2012-01-27,4360
2012-01-30,4080
2012-01-31,4095
2012-02-01,4140
2012-02-02,3940
2012-02-03,3915
2012-02-06,3800
2012-02-07,4065
2012-02-08,3945
2012-02-09,4535
2012-02-10,4250
2012-02-13,4230
2012-02-14,4385
2012-02-15,4200
2012-02-16,4160
2012-02-17,4230
2012-02-20,4235
2012-02-21,4480
2012-02-22,4775
2012-02-23,4255
2012-02-24,4080
2012-02-27,4000
2012-02-28,4035
2012-02-29,4055
2012-03-02,4220
2012-03-05,4240
2012-03-06,4020
2012-03-07,4045
2012-03-08,3750
2012-03-09,3700
2012-03-12,3480
2012-03-13,3580
2012-03-14,3715
2012-03-15,3635
2012-03-16,3545
2012-03-19,3550
2012-03-20,3835
2012-03-21,3615
2012-03-22,3540
2012-03-23,3710
2012-03-26,3565
2012-03-27,3500
2012-03-28,3520
2012-03-29,3390
2012-03-30,3470
2012-04-02,3480
2012-04-03,3400
2012-04-04,3335
2012-04-05,3330
2012-04-06,3405
2012-04-09,3085
2012-04-10,3320
2012-04-12,2945
2012-04-13,3175
2012-04-16,3105
2012-04-17,3075
2012-04-18,3115
2012-04-19,3345
2012-04-20,3160
2012-04-23,3115
2012-04-24,3040
2012-04-25,3110
2012-04-26,3030
2012-04-27,3065
2012-04-30,2960
2012-05-02,3020
2012-05-03,3115
2012-05-04,3050
2012-05-07,2995
2012-05-08,3060
2012-05-09,3120
2012-05-10,3095
2012-05-11,3180
2012-05-14,3060
2012-05-15,3040
2012-05-16,2950
2012-05-17,3040
2012-05-18,2940
2012-05-21,2880
2012-05-22,3090
2012-05-23,2950
2012-05-24,2910
2012-05-25,2970
2012-05-29,3000
2012-05-30,2950
2012-05-31,2945
2012-06-01,2910
2012-06-04,2800
2012-06-05,2825
2012-06-07,2845
2012-06-08,2900
2012-06-11,3025
2012-06-12,3015
2012-06-13,3180
2012-06-14,3125
2012-06-15,3080
2012-06-18,3080
2012-06-19,3030
2012-06-20,3090
2012-06-21,3260
2012-06-22,3100
2012-06-25,3065
2012-06-26,3020
2012-06-27,3065
2012-06-28,3070
2012-06-29,3050
2012-07-02,3085
2012-07-03,3115
2012-07-04,3245
2012-07-05,3160
2012-07-06,3135
2012-07-09,3135
2012-07-10,3135
2012-07-11,3090
2012-07-12,3040
2012-07-13,2990
2012-07-16,3035
2012-07-17,3035
2012-07-18,3000
2012-07-19,2980
2012-07-20,2980
2012-07-23,2980
2012-07-24,2870
2012-07-25,2850
2012-07-26,3020
2012-07-27,3025
2012-07-30,3000
2012-07-31,3130
2012-08-01,3120
2012-08-02,3215
2012-08-03,3160
2012-08-06,3110
2012-08-07,3080
2012-08-08,3065
2012-08-09,3095
2012-08-10,3120
2012-08-13,3095
2012-08-14,3125
2012-08-16,3170
2012-08-17,3295
2012-08-20,3455
2012-08-21,3500
2012-08-22,3505
2012-08-23,3470
2012-08-24,3400
2012-08-27,3510
2012-08-28,3420
2012-08-29,3440
2012-08-30,3420
2012-08-31,3385
2012-09-03,3380
2012-09-04,3365
2012-09-05,3290
2012-09-06,3215
2012-09-07,3245
2012-09-10,3235
2012-09-11,3300
2012-09-12,3380
2012-09-13,3300
2012-09-14,3290
2012-09-17,3300
2012-09-18,3230
2012-09-19,3250
2012-09-20,3340
2012-09-21,3255
2012-09-24,3235
2012-09-25,3145
2012-09-26,3110
2012-09-27,3010
2012-09-28,3055
2012-10-02,3070
2012-10-04,3060
2012-10-05,3075
2012-10-08,3045
2012-10-09,3065
2012-10-10,3095
2012-10-11,3150
2012-10-12,3150
2012-10-15,3230
2012-10-16,3200
2012-10-17,3180
2012-10-18,3085
2012-10-19,3060
2012-10-22,3100
2012-10-23,3070
2012-10-24,3040
2012-10-25,3040
2012-10-26,3010
2012-10-29,2900
2012-10-30,2900
2012-10-31,2950
2012-11-01,2990
2012-11-02,3025
2012-11-05,3000
2012-11-06,3045
2012-11-07,3040
2012-11-08,3005
2012-11-09,3020
2012-11-12,3030
2012-11-13,3010
2012-11-14,2930
2012-11-15,2835
2012-11-16,2620
2012-11-19,2700
2012-11-20,2770
2012-11-21,2755
2012-11-22,2740
2012-11-23,2680
2012-11-26,2685
2012-11-27,2685
2012-11-28,2710
2012-11-29,2690
2012-11-30,2710
2012-12-03,2710
2012-12-04,2705
2012-12-05,2700
2012-12-06,2615
2012-12-07,2620
2012-12-10,2575
2012-12-11,2535
2012-12-12,2575
2012-12-13,2595
2012-12-14,2670
2012-12-17,2630
2012-12-18,2720
2012-12-20,2650
2012-12-21,2645
2012-12-24,2635
2012-12-26,2630
2012-12-27,2655
2012-12-28,2680
2013-01-02,2705
2013-01-03,2720
2013-01-04,2740
2013-01-07,2715
2013-01-08,2725
2013-01-09,2750
2013-01-10,2965
2013-01-11,2875
2013-01-14,2880
2013-01-15,2835
2013-01-16,2795
2013-01-17,2810
2013-01-18,2820
2013-01-21,2810
2013-01-22,2825
2013-01-23,2850
2013-01-24,2810
2013-01-25,2770
2013-01-28,2825
2013-01-29,2860
2013-01-30,2840
2013-01-31,2870
2013-02-01,2835
2013-02-04,2830
2013-02-05,2745
2013-02-06,2775
2013-02-07,2775
2013-02-08,2790
2013-02-12,2785
2013-02-13,2795
2013-02-14,2830
2013-02-15,2815
2013-02-18,2790
2013-02-19,2865
2013-02-20,2880
2013-02-21,2840
2013-02-22,2820
2013-02-25,2830
2013-02-26,2810
2013-02-27,2810
2013-02-28,2845
2013-03-04,2825
2013-03-05,2825
2013-03-06,2825
2013-03-07,2790
2013-03-08,2800
2013-03-11,2735
2013-03-12,2740
2013-03-13,2705
2013-03-14,2725
2013-03-15,2750
2013-03-18,2710
2013-03-19,2720
2013-03-20,2665
2013-03-21,2630
2013-03-22,2650
2013-03-25,2650
2013-03-26,2680
2013-03-27,2695
2013-03-28,2700
2013-03-29,2700
2013-04-01,2655
2013-04-02,2630
2013-04-03,2635
2013-04-04,2605
2013-04-05,2555
2013-04-08,2550
2013-04-09,2590
2013-04-10,2580
2013-04-11,2630
2013-04-12,2700
2013-04-15,2675
2013-04-16,2670
2013-04-17,2620
2013-04-18,2590
2013-04-19,2580
2013-04-22,2600
2013-04-23,2675
2013-04-24,2680
2013-04-25,2675
2013-04-26,2655
2013-04-29,2655
2013-04-30,2650
2013-05-02,2605
2013-05-03,2635
2013-05-06,2625
2013-05-07,2625
2013-05-08,2690
2013-05-09,2685
2013-05-10,2780
2013-05-13,2805
2013-05-14,2770
2013-05-15,2760
2013-05-16,2725
2013-05-20,2725
2013-05-21,2750
2013-05-22,2765
2013-05-23,2730
2013-05-24,2740
2013-05-27,2635
2013-05-28,2570
2013-05-29,2590
2013-05-30,2535
2013-05-31,2450
2013-06-03,2460
2013-06-04,2425
2013-06-05,2425
2013-06-07,2490
2013-06-10,2460
2013-06-11,2440
2013-06-12,2415
2013-06-13,2355
2013-06-14,2245
2013-06-17,2130
2013-06-18,2085
2013-06-19,2080
2013-06-20,1940
2013-06-21,1880
2013-06-24,1975
2013-06-25,1840
2013-06-26,1880
2013-06-27,1940
2013-06-28,1955
2013-07-01,1900
2013-07-02,2185
2013-07-03,2160
2013-07-04,2150
2013-07-05,2115
2013-07-08,2040
2013-07-09,2010
2013-07-10,1955
2013-07-11,1985
2013-07-12,2030
2013-07-15,2030
2013-07-16,2065
2013-07-17,2040
2013-07-18,2050
2013-07-19,2040
2013-07-22,2040
2013-07-23,2080
2013-07-24,2080
2013-07-25,2030
2013-07-26,2010
2013-07-29,2010
2013-07-30,1990
2013-07-31,2050
2013-08-01,2045
2013-08-02,2020
2013-08-05,2025
2013-08-06,2015
2013-08-07,1985
2013-08-08,1985
2013-08-09,1985
2013-08-12,1985
2013-08-13,1990
2013-08-14,1990
2013-08-16,1985
2013-08-19,1990
2013-08-20,1965
2013-08-21,1900
2013-08-22,1865
2013-08-23,1895
2013-08-26,1940
2013-08-27,1930
2013-08-28,1910
2013-08-29,1900
2013-08-30,1730
2013-09-02,1610
2013-09-03,1695
2013-09-04,1770
2013-09-05,1780
2013-09-06,1740
2013-09-09,1770
2013-09-10,1775
2013-09-11,1790
2013-09-12,1805
2013-09-13,1810
2013-09-16,1790
2013-09-17,1790
2013-09-23,1790
2013-09-24,1790
2013-09-25,1790
2013-09-26,1790
2013-09-27,1790
2013-09-30,1790
2013-10-01,1790
2013-10-02,1790
2013-10-04,1790
2013-10-07,1790
2013-10-08,1790
2013-10-10,1790
2013-10-11,1790
2013-10-14,1790
2013-10-15,1790
2013-10-16,1790
2013-10-17,1790
2013-10-18,1790
2013-10-21,1790
2013-10-22,1790
2013-10-23,1790
2013-10-24,1790
2013-10-25,1790
2013-10-28,1790
2013-10-29,1790
2013-10-30,1790
2013-10-31,1930
2013-11-01,1730
2013-11-04,1650
2013-11-05,1670
2013-11-06,1630
2013-11-07,1585
2013-11-08,1530
2013-11-11,1505
2013-11-12,1710
2013-11-13,1515
2013-11-14,1545
2013-11-15,1560
2013-11-18,1545
2013-11-19,1540
2013-11-20,1515
2013-11-21,1510
2013-11-22,1520
2013-11-25,1550
2013-11-26,1640
2013-11-27,1645
2013-11-28,1640
2013-11-29,1650
2013-12-02,1685
2013-12-03,1730
2013-12-04,1695
2013-12-05,1700
2013-12-06,1700
2013-12-09,1715
2013-12-10,1720
2013-12-11,1670
2013-12-12,1800
2013-12-13,1765
2013-12-16,1775
2013-12-17,1765
2013-12-18,1750
2013-12-19,1725
2013-12-20,1730
2013-12-23,1700
2013-12-24,1685
2013-12-26,1640
2013-12-27,1625
2013-12-30,1610
2014-01-02,1620
2014-01-03,1590
2014-01-06,1600
2014-01-07,1580
2014-01-08,1585
2014-01-09,1590
2014-01-10,1615
2014-01-13,1585
2014-01-14,1575
2014-01-15,1575
2014-01-16,1580
2014-01-17,1620
2014-01-20,1600
2014-01-21,1610
2014-01-22,1595
2014-01-23,1560
2014-01-24,1585
2014-01-27,1580
2014-01-28,1565
2014-01-29,1565
2014-02-03,1535
2014-02-04,1495
2014-02-05,1535
2014-02-06,1520
2014-02-07,1485
2014-02-10,1510
2014-02-11,1530
2014-02-12,1525
2014-02-13,1540
2014-02-14,1535
2014-02-17,1555
2014-02-18,1555
2014-02-19,1565
2014-02-20,1550
2014-02-21,1555
2014-02-24,1555
2014-02-25,1525
2014-02-26,1560
2014-02-27,1545
2014-02-28,1560
2014-03-03,1540
2014-03-04,1580
2014-03-05,1580
2014-03-06,1570
2014-03-07,1575
2014-03-10,1555
2014-03-11,1560
2014-03-12,1555
2014-03-13,1560
2014-03-14,1560
2014-03-17,1590
2014-03-18,1665
2014-03-19,1675
2014-03-20,1670
2014-03-21,1705
2014-03-24,1740
2014-03-25,1730
2014-03-26,1750
2014-03-27,1730
2014-03-28,1745
2014-03-31,1710
2014-04-01,1730
2014-04-02,1700
2014-04-03,1700
2014-04-04,1700
2014-04-07,1670
2014-04-08,1730
2014-04-09,1730
2014-04-10,1755
2014-04-11,1805
2014-04-14,1880
2014-04-15,2040
2014-04-16,2015
2014-04-17,2090
2014-04-18,2100
2014-04-21,2040
2014-04-22,2095
2014-04-23,2125
2014-04-24,2200
2014-04-25,2235
2014-04-28,2200
2014-04-29,2180
2014-04-30,2215
2014-05-02,2245
2014-05-07,2205
2014-05-08,2195
2014-05-09,2195
2014-05-12,2285
2014-05-13,2300
2014-05-14,2420
2014-05-15,2630
2014-05-16,2730
2014-05-19,2780
2014-05-20,2740
2014-05-21,2760
2014-05-22,2740
2014-05-23,2805
2014-05-26,2815
2014-05-27,2790
2014-05-28,2750
2014-05-29,2680
2014-05-30,2555
2014-06-02,2505
2014-06-03,2620
2014-06-05,2575
2014-06-09,2410
2014-06-10,2400
2014-06-11,2040
2014-06-12,2110
2014-06-13,2125
2014-06-16,2200
2014-06-17,2380
2014-06-18,2400
2014-06-19,2400
2014-06-20,2390
2014-06-23,2155
2014-06-24,2110
2014-06-25,2090
2014-06-26,2030
2014-06-27,2060
2014-06-30,2020
2014-07-01,2070
2014-07-02,2185
2014-07-03,2465
2014-07-04,2525
2014-07-07,2365
2014-07-08,2300
2014-07-09,2395
2014-07-10,2345
2014-07-11,2315
2014-07-14,2315
2014-07-15,2300
2014-07-16,2225
2014-07-17,2510
2014-07-18,2565
2014-07-21,2530
2014-07-22,2430
2014-07-23,2460
2014-07-24,2415
2014-07-25,2455
2014-07-28,2450
2014-07-29,2340
2014-07-30,2340
2014-07-31,2320
2014-08-01,2280
2014-08-04,2370
2014-08-05,2315
2014-08-06,2265
2014-08-07,2215
2014-08-08,2185
2014-08-11,2200
2014-08-12,2170
2014-08-13,2200
2014-08-14,2205
2014-08-18,2255
2014-08-19,2300
2014-08-20,2260
2014-08-21,2180
2014-08-22,2195
2014-08-25,2125
2014-08-26,2120
2014-08-27,2145
2014-08-28,2150
2014-08-29,2120
2014-09-01,2060
2014-09-02,2080
2014-09-03,2035
2014-09-04,2045
2014-09-05,2120
2014-09-11,2130
2014-09-12,2100
2014-09-15,2050
2014-09-16,2060
2014-09-17,2080
2014-09-18,2120
2014-09-19,2130
2014-09-22,2090
2014-09-23,2055
2014-09-24,2035
2014-09-25,2065
2014-09-26,2090
2014-09-29,2000
2014-09-30,1955
2014-10-01,1960
2014-10-02,1915
2014-10-06,1850
2014-10-07,1880
2014-10-08,1850
2014-10-10,1800
2014-10-13,1675
2014-10-14,1650
2014-10-15,1660
2014-10-16,1675
2014-10-17,1675
2014-10-20,1710
2014-10-21,1715
2014-10-22,1715
2014-10-23,1700
2014-10-24,1670
2014-10-27,1690
2014-10-28,1695
2014-10-29,1685
2014-10-30,1700
2014-10-31,1955
2014-11-03,2075
2014-11-04,1945
2014-11-05,1895
2014-11-06,1825
2014-11-07,1955
2014-11-10,1925
2014-11-11,1980
2014-11-12,1965
2014-11-13,2010
2014-11-14,1940
2014-11-17,1875
2014-11-18,1875
2014-11-19,1890
2014-11-20,1875
2014-11-21,1875
2014-11-24,1845
2014-11-25,1850
2014-11-26,1830
2014-11-27,1825
2014-11-28,1830
2014-12-01,1820
2014-12-02,1825
2014-12-03,1840
2014-12-04,1850
2014-12-05,1850
2014-12-08,1855
2014-12-09,1825
2014-12-10,1810
2014-12-11,1770
2014-12-12,1770
2014-12-15,1755
2014-12-16,1740
2014-12-17,1720
2014-12-18,1690
2014-12-19,1685
2014-12-22,1700
2014-12-23,1710
2014-12-24,1850
2014-12-26,1800
2014-12-29,1790
2014-12-30,1755
2015-01-02,1740
2015-01-05,1750
2015-01-06,1720
2015-01-07,1715
2015-01-08,1715
2015-01-09,1745
2015-01-12,1745
2015-01-13,1745
2015-01-14,1745
2015-01-15,1770
2015-01-16,1740
2015-01-19,1715
2015-01-20,1730
2015-01-21,1745
2015-01-22,1740
2015-01-23,1765
2015-01-26,1830
2015-01-27,1800
2015-01-28,1785
2015-01-29,1775
2015-01-30,1785
2015-02-02,1815
2015-02-03,1820
2015-02-04,1840
2015-02-05,1835
2015-02-06,1840
2015-02-09,1825
2015-02-10,1800
2015-02-11,1830
2015-02-12,1830
2015-02-13,1835
2015-02-16,1870
2015-02-17,1850
2015-02-23,1855
2015-02-24,1880
2015-02-25,1845
2015-02-26,1850
2015-02-27,1885
2015-03-02,1870
2015-03-03,1860
2015-03-04,2000
2015-03-05,1965
2015-03-06,2000
2015-03-09,1985
2015-03-10,1975
2015-03-11,1950
2015-03-12,1990
2015-03-13,1950
2015-03-16,1935
2015-03-17,1935
2015-03-18,1910
2015-03-19,1880
2015-03-20,1895
2015-03-23,1935
2015-03-24,1925
2015-03-25,1900
2015-03-26,1910
2015-03-27,1910
2015-03-30,1930
2015-03-31,1915
2015-04-01,1885
2015-04-02,1870
2015-04-03,1905
2015-04-06,1915
2015-04-07,1925
2015-04-08,1925
2015-04-09,1945
2015-04-10,2080
2015-04-13,2070
2015-04-14,2135
2015-04-15,2125
2015-04-16,2110
2015-04-17,2075
2015-04-20,2060
2015-04-21,2135
2015-04-22,2085
2015-04-23,2075
2015-04-24,2035
2015-04-27,2030
2015-04-28,1995
2015-04-29,1970
2015-04-30,1925
2015-05-04,1900
2015-05-06,1895
2015-05-07,1890
2015-05-08,1890
2015-05-11,1930
2015-05-12,1870
2015-05-13,1885
2015-05-14,1880
2015-05-15,1895
2015-05-18,1850
2015-05-19,1865
2015-05-20,1830
2015-05-21,1860
2015-05-22,1865
2015-05-26,1815
2015-05-27,1800
2015-05-28,1810
2015-05-29,1815
2015-06-01,1800
2015-06-02,1770
2015-06-03,1755
2015-06-04,1775
2015-06-05,1975
2015-06-08,1910
2015-06-09,1890
2015-06-10,1975
2015-06-11,1950
2015-06-12,1975
2015-06-15,1960
2015-06-16,1905
2015-06-17,1950
2015-06-18,1915
2015-06-19,1940
2015-06-22,1950
2015-06-23,1970
2015-06-24,1990
2015-06-25,2020
2015-06-26,2000
2015-06-29,1950
2015-06-30,1945
2015-07-01,1920
2015-07-02,1960
2015-07-03,2050
2015-07-06,1980
2015-07-07,1955
2015-07-08,1950
2015-07-09,1930
2015-07-10,1940
2015-07-13,1970
2015-07-14,1960
2015-07-15,1975
2015-07-16,2060
2015-07-17,2050
2015-07-20,2300
2015-07-21,2230
2015-07-22,2175
2015-07-23,2305
2015-07-24,2275
2015-07-27,2135
2015-07-28,2080
2015-07-29,2085
2015-07-30,1985
2015-07-31,2005
2015-08-03,2005
2015-08-04,2055
2015-08-05,2075
2015-08-06,2045
2015-08-07,2055
2015-08-10,2050
2015-08-11,2040
2015-08-12,2015
2015-08-13,2080
2015-08-17,2095
2015-08-18,2040
2015-08-19,1980
2015-08-20,1910
2015-08-21,1770
2015-08-24,1740
2015-08-25,1800
2015-08-26,1840
2015-08-27,1860
2015-08-28,1905
2015-08-31,1885
2015-09-01,1880
2015-09-02,1865
2015-09-03,1855
2015-09-04,1850
2015-09-07,1820
2015-09-08,1830
2015-09-09,1830
2015-09-10,1860
2015-09-11,1830
2015-09-14,1805
2015-09-15,1810
2015-09-16,1800
2015-09-17,1800
2015-09-18,1805
2015-09-21,1810
2015-09-22,1835
2015-09-23,1820
2015-09-24,1800
2015-09-25,1805
2015-09-30,1800
2015-10-01,1800
2015-10-02,1810
2015-10-05,1785
2015-10-06,1795
2015-10-07,1815
2015-10-08,1850
2015-10-12,1890
2015-10-13,1925
2015-10-14,1940
2015-10-15,1905
2015-10-16,1905
2015-10-19,1910
2015-10-20,1935
2015-10-21,1920
2015-10-22,1895
2015-10-23,1890
2015-10-26,1890
2015-10-27,1885
2015-10-28,1890
2015-10-29,1930
2015-10-30,1950
2015-11-02,1990
2015-11-03,2005
2015-11-04,1950
2015-11-05,1935
2015-11-06,1925
2015-11-09,1865
2015-11-10,1835
2015-11-11,1850
2015-11-12,1860
2015-11-13,1840
2015-11-16,1830
2015-11-17,1840
2015-11-18,1875
2015-11-19,1870
2015-11-20,1870
2015-11-23,1860
2015-11-24,1870
2015-11-25,1875
2015-11-26,1910
2015-11-27,1905
2015-11-30,1865
2015-12-01,1880
2015-12-02,1830
2015-12-03,1820
2015-12-04,1840
2015-12-07,1875
2015-12-08,1855
2015-12-09,1870
2015-12-10,1850
2015-12-11,1845
2015-12-14,1770
2015-12-15,1795
2015-12-16,1855
2015-12-17,1870
2015-12-18,1860
2015-12-21,1815
2015-12-22,1820
2015-12-23,1890
2015-12-24,1920
2015-12-28,1910
2015-12-29,1910
2015-12-30,1950
2016-01-04,1945
2016-01-05,1940
2016-01-06,1905
2016-01-07,1835
2016-01-08,1790
2016-01-11,1750
2016-01-12,1740
2016-01-13,1745
2016-01-14,1770
2016-01-15,1795
2016-01-18,1840
2016-01-19,1820
2016-01-20,1765
2016-01-21,1765
2016-01-22,1795
2016-01-25,1710
2016-01-26,1760
2016-01-27,1755
2016-01-28,1800
2016-01-29,1785
2016-02-01,1775
2016-02-02,1755
2016-02-03,1730
2016-02-04,1765
2016-02-05,1750
2016-02-11,1720
2016-02-12,1640
2016-02-15,1680
2016-02-16,1700
2016-02-17,1700
2016-02-18,1720
2016-02-19,1735
2016-02-22,1745
2016-02-23,1735
2016-02-24,1700
2016-02-25,1715
2016-02-26,1710
2016-02-29,1720
2016-03-02,1720
2016-03-03,1720
2016-03-04,1725
2016-03-07,1730
2016-03-08,1710
2016-03-09,1725
2016-03-10,1725
2016-03-11,1705
2016-03-14,1700
2016-03-15,1710
2016-03-16,1700
2016-03-17,1735
2016-03-18,1745
2016-03-21,1740
2016-03-22,1740
2016-03-23,1760
2016-03-24,1720
2016-03-25,1740
2016-03-28,1775
2016-03-29,1800
2016-03-30,1835
2016-03-31,1800
2016-04-01,1815
2016-04-04,1840
2016-04-05,1800
2016-04-06,1820
2016-04-07,1815
2016-04-08,1850
2016-04-11,1830
2016-04-12,1825
2016-04-14,1810
2016-04-15,1845
2016-04-18,1830
2016-04-19,1840
2016-04-20,1830
2016-04-21,1845
2016-04-22,1830
2016-04-25,1820
2016-04-26,1830
2016-04-27,1845
2016-04-28,1845
2016-04-29,1930
2016-05-02,1970
2016-05-03,2090
2016-05-04,2020
2016-05-09,1915
2016-05-10,1930
2016-05-11,1920
2016-05-12,1950
2016-05-13,1915
2016-05-16,1925
2016-05-17,1915
2016-05-18,1975
2016-05-19,1910
2016-05-20,1950
2016-05-23,1985
2016-05-24,2030
2016-05-25,2010
2016-05-26,2055
2016-05-27,2300
2016-05-30,2250
2016-05-31,2250
2016-06-01,2200
2016-06-02,2190
2016-06-03,2230
2016-06-07,2150
2016-06-08,2130
2016-06-09,2080
2016-06-10,2040
2016-06-13,1965
2016-06-14,2050
2016-06-15,2100
2016-06-16,2050
2016-06-17,2130
2016-06-20,2215
2016-06-21,2200
2016-06-22,2170
2016-06-23,2065
2016-06-24,2055
2016-06-27,2015
2016-06-28,2070
2016-06-29,2055
2016-06-30,2055
2016-07-01,2070
2016-07-04,2150
2016-07-05,2120
2016-07-06,2125
2016-07-07,2140
2016-07-08,2140
2016-07-11,2150
2016-07-12,2125
2016-07-13,2070
2016-07-14,2070
2016-07-15,2090
2016-07-18,2085
2016-07-19,2055
2016-07-20,2045
2016-07-21,2070
2016-07-22,2035
2016-07-25,1955
2016-07-26,2010
2016-07-27,1955
2016-07-28,1960
2016-07-29,1950
2016-08-01,1955
2016-08-02,1980
2016-08-03,2000
2016-08-04,2010
2016-08-05,1975
2016-08-08,1960
2016-08-09,1965
2016-08-10,1950
2016-08-11,1945
2016-08-12,1940
2016-08-16,1930
2016-08-17,1950
2016-08-18,1950
2016-08-19,1955
2016-08-22,1950
2016-08-23,1940
2016-08-24,1925
2016-08-25,1945
2016-08-26,1920
2016-08-29,1910
2016-08-30,1920
2016-08-31,1845
2016-09-01,1870
2016-09-02,1875
2016-09-05,1900
2016-09-06,2030
2016-09-07,1990
2016-09-08,2000
2016-09-09,1990
2016-09-12,2000
2016-09-13,2025
2016-09-19,2070
2016-09-20,2070
2016-09-21,2130
2016-09-22,2090
2016-09-23,2090
2016-09-26,2155
2016-09-27,2200
2016-09-28,2160
2016-09-29,2165
2016-09-30,2150
2016-10-04,2150
2016-10-05,2150
2016-10-06,2120
2016-10-07,2110
2016-10-10,2115
2016-10-11,2130
2016-10-12,2115
2016-10-13,2120
2016-10-14,2070
2016-10-17,2040
2016-10-18,2035
2016-10-19,2050
2016-10-20,2050
2016-10-21,1995
2016-10-24,2000
2016-10-25,1980
2016-10-26,1955
2016-10-27,1965
2016-10-28,1975
2016-10-31,2000
2016-11-01,2010
2016-11-02,1925
2016-11-03,1980
2016-11-04,2100
2016-11-07,2085
2016-11-08,2090
2016-11-09,2025
2016-11-10,2045
2016-11-11,2045
2016-11-14,2150
2016-11-15,2210
2016-11-16,2505
2016-11-17,2480
2016-11-18,2365
2016-11-21,2315
2016-11-22,2500
2016-11-23,2410
2016-11-24,2300
2016-11-25,2290
2016-11-28,2455
2016-11-29,2565
2016-11-30,2510
2016-12-01,2360
2016-12-02,2360
2016-12-05,2415
2016-12-06,2515
2016-12-07,2315
2016-12-08,2230
2016-12-09,2240
2016-12-12,2270
2016-12-13,2220
2016-12-14,2200
2016-12-15,2245
2016-12-16,2195
2016-12-19,2185
2016-12-20,2290
2016-12-21,2285
2016-12-22,2260
2016-12-23,2365
2016-12-26,2470
2016-12-27,2475
2016-12-28,2410
2016-12-29,2505
2017-01-02,2440
2017-01-03,2580
2017-01-04,2600
2017-01-05,2520
2017-01-06,2505
2017-01-09,2470
2017-01-10,2465
2017-01-11,2530
2017-01-12,2440
2017-01-13,2510
2017-01-16,2605
2017-01-17,2735
2017-01-18,2665
2017-01-19,2785
2017-01-20,2625
2017-01-23,2500
2017-01-24,2420
2017-01-25,2400
2017-01-26,2415
2017-01-31,2470
2017-02-01,2500
2017-02-02,2465
2017-02-03,2510
2017-02-06,2525
2017-02-07,2740
2017-02-08,2710
2017-02-09,2740
2017-02-10,2570
2017-02-13,2510
2017-02-14,2480
2017-02-15,2500
2017-02-16,2510
2017-02-17,2475
2017-02-20,2420
2017-02-21,2440
2017-02-22,2370
2017-02-23,2300
2017-02-24,2260
2017-02-27,2320
2017-02-28,2300
2017-03-02,2280
2017-03-03,2295
2017-03-06,2275
2017-03-07,2275
2017-03-08,2255
2017-03-09,2405
2017-03-10,2360
2017-03-13,2310
2017-03-14,2360
2017-03-15,2355
2017-03-16,2390
2017-03-17,2385
2017-03-20,2405
2017-03-21,2535
2017-03-22,2535
2017-03-23,2540
2017-03-24,2405
2017-03-27,2340
2017-03-28,2405
2017-03-29,2420
2017-03-30,2485
2017-03-31,2490
2017-04-03,2510
2017-04-04,2400
2017-04-05,2420
2017-04-06,2360
2017-04-07,2375
2017-04-10,2350
2017-04-11,2415
2017-04-12,2355
2017-04-13,2310
2017-04-14,2280
2017-04-17,2290
2017-04-18,2295
2017-04-19,2295
2017-04-20,2295
2017-04-21,2285
2017-04-24,2260
2017-04-25,2270
2017-04-26,2200
2017-04-27,2200
2017-04-28,2150
2017-05-02,2265
2017-05-04,2285
2017-05-08,2280
2017-05-10,2260
2017-05-11,2295
2017-05-12,2260
2017-05-15,2250
2017-05-16,2245
2017-05-17,2220
2017-05-18,2170
2017-05-19,2180
2017-05-22,2235
2017-05-23,2260
2017-05-24,2220
2017-05-25,2280
2017-05-26,2360
2017-05-29,2295
2017-05-30,2280
2017-05-31,2265
2017-06-01,2305
2017-06-02,2285
2017-06-05,2315
2017-06-07,2280
2017-06-08,2230
2017-06-09,2270
2017-06-12,2215
2017-06-13,2220
2017-06-14,2220
2017-06-15,2205
2017-06-16,2210
2017-06-19,2200
2017-06-20,2200
2017-06-21,2190
2017-06-22,2175
2017-06-23,2160
2017-06-26,2160
2017-06-27,2160
2017-06-28,2150
2017-06-29,2160
2017-06-30,2185
2017-07-03,2175
2017-07-04,2150
2017-07-05,2160
2017-07-06,2155
2017-07-07,2150
2017-07-10,2160
2017-07-11,2165
2017-07-12,2135
2017-07-13,2000
2017-07-14,1910
2017-07-17,1970
2017-07-18,1995
2017-07-19,2015
2017-07-20,1995
2017-07-21,2070
2017-07-24,2065
2017-07-25,2030
2017-07-26,2045
2017-07-27,2110
2017-07-28,2080
2017-07-31,2095
2017-08-01,2090
2017-08-02,2090
2017-08-03,2095
2017-08-04,2095
2017-08-07,2100
2017-08-08,2110
2017-08-09,2080
2017-08-10,2040
2017-08-11,2005
2017-08-14,1970
2017-08-16,2020
2017-08-17,2050
2017-08-18,2040
2017-08-21,1975
2017-08-22,1995
2017-08-23,1985
2017-08-24,2010
2017-08-25,2030
2017-08-28,2010
2017-08-29,2005
2017-08-30,2025
2017-08-31,2065
2017-09-01,2050
2017-09-04,2015
2017-09-05,2010
2017-09-06,2030
2017-09-07,2060
2017-09-08,2040
2017-09-11,2020
2017-09-12,2015
2017-09-13,2020
2017-09-14,1995
2017-09-15,1985
2017-09-18,2000
2017-09-19,2010
2017-09-20,1995
2017-09-21,1970
2017-09-22,1940
2017-09-25,1890
2017-09-26,1895
2017-09-27,1905
2017-09-28,1930
2017-09-29,1950
2017-10-10,1925
2017-10-11,1920
2017-10-12,1925
2017-10-13,1925
2017-10-16,1920
2017-10-17,1910
2017-10-18,1910
2017-10-19,1910
2017-10-20,1930
2017-10-23,1895
2017-10-24,1915
2017-10-25,1910
2017-10-26,1925
2017-10-27,1915
2017-10-30,1975
2017-10-31,1960
2017-11-01,1955
2017-11-02,1945
2017-11-03,1965
2017-11-06,1955
2017-11-07,1930
2017-11-08,1930
2017-11-09,1935
2017-11-10,1950
2017-11-13,1980
2017-11-14,1985
2017-11-15,1965
2017-11-16,1965
2017-11-17,1945
2017-11-20,1955
2017-11-21,1960
2017-11-22,1930
2017-11-23,1925
2017-11-24,1930
2017-11-27,1910
2017-11-28,1890
2017-11-29,1895
2017-11-30,1885
2017-12-01,1925
2017-12-04,1895
2017-12-05,1905
2017-12-06,1910
2017-12-07,1900
2017-12-08,1890
2017-12-11,1890
2017-12-12,1885
2017-12-13,1855
2017-12-14,1910
2017-12-15,1955
2017-12-18,1950
2017-12-19,1920
2017-12-20,1905
2017-12-21,1870
2017-12-22,1880
2017-12-26,1885
2017-12-27,1845
2017-12-28,1870
2018-01-02,1895
2018-01-03,1870
2018-01-04,1865
2018-01-05,1870
2018-01-08,1880
2018-01-09,1845
2018-01-10,1935
2018-01-11,1940
2018-01-12,1965
2018-01-15,2030
2018-01-16,2005
2018-01-17,2020
2018-01-18,2010
2018-01-19,2025
2018-01-22,1960
2018-01-23,1990
2018-01-24,1965
2018-01-25,1980
2018-01-26,1975
2018-01-29,2000
2018-01-30,1990
2018-01-31,1990
2018-02-01,2005
2018-02-02,2065
2018-02-05,2000
2018-02-06,1905
2018-02-07,1905
2018-02-08,1930
2018-02-09,1865
2018-02-12,1900
2018-02-13,1940
2018-02-14,1945
2018-02-19,1945
2018-02-20,1940
2018-02-21,1955
2018-02-22,1930
2018-02-23,1940
2018-02-26,1950
2018-02-27,1985
2018-02-28,1980
2018-03-02,2160
2018-03-05,2275
2018-03-06,2235
2018-03-07,2410
2018-03-08,2390
2018-03-09,2420
2018-03-12,2515
2018-03-13,2425
2018-03-14,2375
2018-03-15,2320
2018-03-16,2330
2018-03-19,2350
2018-03-20,2490
2018-03-21,2430
2018-03-22,2400
2018-03-23,2240
2018-03-26,2385
2018-03-27,2320
2018-03-28,2320
2018-03-29,2265
2018-03-30,2305
2018-04-02,2260
2018-04-03,2285
2018-04-04,2325
2018-04-05,2295
2018-04-06,2205
2018-04-09,2165
2018-04-10,2195
2018-04-11,2175
2018-04-12,2135
2018-04-13,2225
2018-04-16,2265
2018-04-17,2290
2018-04-18,2370
2018-04-19,2575
2018-04-20,2485
2018-04-23,2530
2018-04-24,2480
2018-04-25,2395
2018-04-26,2440
2018-04-27,2425
2018-04-30,2535
2018-05-02,3230
2018-05-03,2975
2018-05-04,3060
2018-05-08,2750
2018-05-09,2715
2018-05-10,2850
2018-05-11,2850
2018-05-14,2940
2018-05-15,2905
2018-05-16,2510
2018-05-17,2580
2018-05-18,2600
2018-05-21,2590
2018-05-23,2540
2018-05-24,2525
2018-05-25,2290
2018-05-28,2610
2018-05-29,2510
2018-05-30,2495
2018-05-31,2640
2018-06-01,2570
2018-06-04,2645
2018-06-05,2600
2018-06-07,2690
2018-06-08,2660
2018-06-11,2790
2018-06-12,2720
2018-06-14,2420
2018-06-15,2510
2018-06-18,2585
2018-06-19,2440
2018-06-20,2460
2018-06-21,2615
2018-06-22,2690
2018-06-25,2665
2018-06-26,2480
2018-06-27,2325
2018-06-28,2255
2018-06-29,2260
2018-07-02,2100
2018-07-03,2465
2018-07-04,2315
2018-07-05,2325
2018-07-06,2400
2018-07-09,2570
2018-07-10,2525
2018-07-11,2655
2018-07-12,2560
2018-07-13,2420
2018-07-16,2385
2018-07-17,2710
2018-07-18,2585
2018-07-19,2700
2018-07-20,2555
2018-07-23,2370
2018-07-24,2430
2018-07-25,2500
2018-07-26,2605
2018-07-27,2555
2018-07-30,2635
2018-07-31,2610
2018-08-01,2600
2018-08-02,2750
2018-08-03,2645
2018-08-06,2645
2018-08-07,2850
2018-08-08,2760
2018-08-09,2715
2018-08-10,2665
2018-08-13,2525
2018-08-14,2580
2018-08-16,2570
2018-08-17,2635
2018-08-20,2695
2018-08-21,2605
2018-08-22,2620
2018-08-23,2575
2018-08-24,2605
2018-08-27,2445
2018-08-28,2380
2018-08-29,2375
2018-08-30,2360
2018-08-31,2385
2018-09-03,2310
2018-09-04,2395
2018-09-05,2385
2018-09-06,2355
2018-09-07,2405
2018-09-10,2475
2018-09-11,2420
2018-09-12,2350
2018-09-13,2370
2018-09-14,2360
2018-09-17,2360
2018-09-18,2380
2018-09-19,2370
2018-09-20,2310
2018-09-21,2320
2018-09-27,2385
2018-09-28,2335
2018-10-01,2365
2018-10-02,2440
2018-10-04,2405
2018-10-05,2400
2018-10-08,2380
2018-10-10,2190
2018-10-11,1990
2018-10-12,2050
2018-10-15,2050
2018-10-16,2040
2018-10-17,2115
2018-10-18,2105
2018-10-19,2100
2018-10-22,2100
2018-10-23,2105
2018-10-24,2000
2018-10-25,1985
2018-10-26,1975
2018-10-29,1860
2018-10-30,1845
2018-10-31,1870
2018-11-01,1970
2018-11-02,2045
2018-11-05,2035
2018-11-06,2040
2018-11-07,2040
2018-11-08,2070
2018-11-09,2050
2018-11-12,2040
2018-11-13,2015
2018-11-14,2000
2018-11-15,2130
2018-11-16,2195
2018-11-19,2270
2018-11-20,2290
2018-11-21,2290
2018-11-22,2305
2018-11-23,2370
2018-11-26,2400
2018-11-27,2360
2018-11-28,2310
2018-11-29,2310
2018-11-30,2295
2018-12-03,2295
2018-12-04,2430
2018-12-05,2440
2018-12-06,2370
2018-12-07,2375
2018-12-10,2465
2018-12-11,2455
2018-12-12,2435
2018-12-13,2630
2018-12-14,2665
2018-12-17,2645
2018-12-18,2660
2018-12-19,2520
2018-12-20,2425
2018-12-21,2460
2018-12-24,2395
2018-12-26,2440
2018-12-27,2435
2018-12-28,2330
2019-01-02,2385
2019-01-03,2285
2019-01-04,2375
2019-01-07,2375
2019-01-08,2405
2019-01-09,2570
2019-01-10,2540
2019-01-11,2580
2019-01-14,2580
2019-01-15,2655
2019-01-16,2770
2019-01-17,2850
2019-01-18,2740
2019-01-21,2725
2019-01-22,2710
2019-01-23,2730
2019-01-24,2730
2019-01-25,2785
2019-01-28,2770
2019-01-29,2805
2019-01-30,2830
2019-01-31,2845
2019-02-01,2850
2019-02-07,2760
2019-02-08,2760
2019-02-11,2730
2019-02-12,2725
2019-02-13,2725
2019-02-14,2815
2019-02-15,2815
2019-02-18,2810
2019-02-19,2815
2019-02-20,2800
2019-02-21,3160
2019-02-22,3075
2019-02-25,3180
2019-02-26,3115
2019-02-27,3050
2019-02-28,2685
2019-03-04,2650
2019-03-05,2620
2019-03-06,2535
2019-03-07,2525
2019-03-08,2500
2019-03-11,2520
2019-03-12,2575
2019-03-13,2525
2019-03-14,2530
2019-03-15,2445
2019-03-18,2675
2019-03-19,2670
2019-03-20,2660
2019-03-21,2620
2019-03-22,2730
2019-03-25,2720
2019-03-26,2715
2019-03-27,2705
2019-03-28,2790
2019-03-29,2940
2019-04-01,2985
2019-04-02,3010
2019-04-03,2940
2019-04-04,3005
2019-04-05,3100
2019-04-08,3030
2019-04-09,2990
2019-04-10,3230
2019-04-11,3080
2019-04-12,3090
2019-04-15,3045
2019-04-16,2965
2019-04-17,2900
2019-04-18,2920
2019-04-19,2920
2019-04-22,2870
2019-04-23,2885
2019-04-24,2760
2019-04-25,2700
2019-04-26,2700
2019-04-29,2710
2019-04-30,2690
2019-05-02,2835
2019-05-03,2980
2019-05-07,3030
2019-05-08,2905
2019-05-09,2785
2019-05-10,2710
2019-05-13,2600
2019-05-14,2720
2019-05-15,2800
2019-05-16,2750
2019-05-17,2730
2019-05-20,2660
2019-05-21,2680
2019-05-22,2660
2019-05-23,2610
2019-05-24,2500
2019-05-27,2335
2019-05-28,2405
2019-05-29,2365
2019-05-30,2325
2019-05-31,2425
2019-06-03,2405
2019-06-04,2410
2019-06-05,2420
2019-06-07,2435
2019-06-10,2410
2019-06-11,2460
2019-06-12,2455
2019-06-13,2510
2019-06-14,2500
2019-06-17,2520
2019-06-18,2480
2019-06-19,2530
2019-06-20,2505
2019-06-21,2440
2019-06-24,2490
2019-06-25,2470
2019-06-26,2415
2019-06-27,2360
2019-06-28,2335
2019-07-01,2320
2019-07-02,2390
2019-07-03,2390
2019-07-04,2325
2019-07-05,2360
2019-07-08,2220
2019-07-09,2235
2019-07-10,2245
2019-07-11,2255
2019-07-12,2325
2019-07-15,2230
2019-07-16,2225
2019-07-17,2235
2019-07-18,2240
2019-07-19,2255
2019-07-22,2250
2019-07-23,2245
2019-07-24,2250
2019-07-25,2180
2019-07-26,2180
2019-07-29,2050
2019-07-30,2015
2019-07-31,2000
2019-08-01,1990
2019-08-02,1990
2019-08-05,1840
2019-08-06,1780
2019-08-07,1775
2019-08-08,1860
2019-08-09,1865
2019-08-12,1860
2019-08-13,1890
2019-08-14,1950
2019-08-16,1935
2019-08-19,1910
2019-08-20,1990
2019-08-21,1925
2019-08-22,1920
2019-08-23,1865
2019-08-26,1865
2019-08-27,1880
2019-08-28,1875
2019-08-29,1900
2019-08-30,1900
2019-09-02,1890
2019-09-03,1990
2019-09-04,2035
2019-09-05,2055
2019-09-06,2080
2019-09-09,2035
2019-09-10,2030
2019-09-11,2000
2019-09-16,2065
2019-09-17,2145
2019-09-18,2160
2019-09-19,2165
2019-09-20,2160
2019-09-23,2170
2019-09-24,2185
2019-09-25,2250
2019-09-26,2250
2019-09-27,2195
2019-09-30,2195
2019-10-01,2160
2019-10-02,2285
2019-10-04,2155
2019-10-07,1980
2019-10-08,1985
2019-10-10,1995
2019-10-11,1995
2019-10-14,2010
2019-10-15,2035
2019-10-16,2070
2019-10-17,2020
2019-10-18,2020
2019-10-21,2040
2019-10-22,2000
2019-10-23,2000
2019-10-24,1985
2019-10-25,1995
2019-10-28,1980
2019-10-29,2000
2019-10-30,2000
2019-10-31,1985
2019-11-01,2030
2019-11-04,2070
2019-11-05,2075
2019-11-06,2090
2019-11-07,2030
2019-11-08,2040
2019-11-11,2030
2019-11-12,2055
2019-11-13,2050
2019-11-14,2095
2019-11-15,2080
2019-11-18,2170
2019-11-19,2120
2019-11-20,2080
2019-11-21,2030
2019-11-22,1995
2019-11-25,2025
2019-11-26,2020
2019-11-27,2020
2019-11-28,2005
2019-11-29,2000
2019-12-02,1995
2019-12-03,1975
2019-12-04,1980
2019-12-05,1970
2019-12-06,1955
2019-12-09,1980
2019-12-10,1955
2019-12-11,1940
2019-12-12,1950
2019-12-13,1945
2019-12-16,1925
2019-12-17,1945
2019-12-18,1925
2019-12-19,1965
2019-12-20,1940
2019-12-23,1940
2019-12-24,1905
2019-12-26,1875
2019-12-27,1890
2019-12-30,1930
2020-01-02,1930
2020-01-03,1920
2020-01-06,1905
2020-01-07,1925
2020-01-08,1865
2020-01-09,1885
2020-01-10,1875
2020-01-13,1880
2020-01-14,1915
2020-01-15,1915
2020-01-16,1920
2020-01-17,1945
2020-01-20,1960
2020-01-21,1955
2020-01-22,1940
2020-01-23,1940
2020-01-28,1900
2020-01-29,1900
2020-01-30,1895
2020-01-31,2020
2020-02-03,2100
2020-02-04,2070
2020-02-05,2110
2020-02-06,2115
2020-02-07,2100
2020-02-10,2065
2020-02-11,2075
2020-02-12,2065
2020-02-13,2045
2020-02-14,2040
2020-02-17,2080
2020-02-18,2070
2020-02-19,2080
2020-02-20,2085
2020-02-21,2080
2020-02-24,2000
2020-02-25,2085
2020-02-26,2095
2020-02-27,2040
2020-02-28,1965
2020-03-02,1985
2020-03-03,2005
2020-03-04,2015
2020-03-05,2015
2020-03-06,2020
2020-03-09,2000
2020-03-10,1960
2020-03-11,1935
2020-03-12,1840
2020-03-13,1680
2020-03-16,1565
2020-03-17,1500
2020-03-18,1485
2020-03-19,1230
2020-03-20,1350
2020-03-23,1330
2020-03-24,1385
2020-03-25,1395
2020-03-26,1485
2020-03-27,1560
2020-03-30,1580
2020-03-31,1800
2020-04-01,1995
2020-04-02,2035
2020-04-03,2075
2020-04-06,2135
2020-04-07,2085
2020-04-08,2160
2020-04-09,2115
2020-04-10,2045
2020-04-13,2035
2020-04-14,2050
2020-04-16,2095
2020-04-17,2090
2020-04-20,2070
2020-04-21,1970
2020-04-22,1990
2020-04-23,1995
2020-04-24,1900
2020-04-27,1950
2020-04-28,1915
2020-04-29,1890
2020-05-04,1825
2020-05-06,1885
2020-05-07,1880
2020-05-08,1905
2020-05-11,1915
2020-05-12,1860
2020-05-13,1845
2020-05-14,1915
2020-05-15,1830
2020-05-18,1865
2020-05-19,1850
2020-05-20,1855
2020-05-21,1890
2020-05-22,1880
2020-05-25,1855
2020-05-26,1865
2020-05-27,1875
2020-05-28,1895
2020-05-29,1900
2020-06-01,1935
2020-06-02,1915
2020-06-03,1890
2020-06-04,1895
2020-06-05,1860
2020-06-08,1910
2020-06-09,1875
2020-06-10,1900
2020-06-11,1890
2020-06-12,1820
2020-06-15,1750
2020-06-16,1795
2020-06-17,1805
2020-06-18,1795
2020-06-19,1840
2020-06-22,1895
2020-06-23,1840
2020-06-24,1855
2020-06-25,1850
2020-06-26,1835
2020-06-29,1815
2020-06-30,1830
2020-07-01,1800
2020-07-02,1800
2020-07-03,1830
2020-07-06,1815
2020-07-07,1800
2020-07-08,1810
2020-07-09,1785
2020-07-10,1800
2020-07-13,1795
2020-07-14,1835
2020-07-15,1830
2020-07-16,1815
2020-07-17,1810
2020-07-20,1810
2020-07-21,1810
2020-07-22,1775
2020-07-23,1800
2020-07-24,1775
2020-07-27,1820
2020-07-28,1795
